URL,Company Name
https://www.ycombinator.com/companies/outerport,Outerport
https://www.ycombinator.com/companies/dreamrp,DreamRP
https://www.ycombinator.com/companies/melty,Melty
https://www.ycombinator.com/companies/syntra,Syntra
https://www.ycombinator.com/companies/pathpilot,PathPilot
https://www.ycombinator.com/companies/standard-data,Standard Data
https://www.ycombinator.com/companies/kairo-health,Kairo Health
https://www.ycombinator.com/companies/midship,Midship
https://www.ycombinator.com/companies/soma-lab,Soma Lab
https://www.ycombinator.com/companies/merlin-ai,Merlin AI
https://www.ycombinator.com/companies/freestyle,Freestyle
https://www.ycombinator.com/companies/arva-ai,Arva AI
https://www.ycombinator.com/companies/affil-ai,Affil.ai
https://www.ycombinator.com/companies/orgorg,OrgOrg
https://www.ycombinator.com/companies/patched,Patched
https://www.ycombinator.com/companies/village-labs,Village Labs
https://www.ycombinator.com/companies/mica-ai,Mica AI
https://www.ycombinator.com/companies/formula-insight,Formula Insight
https://www.ycombinator.com/companies/overlap,Overlap
https://www.ycombinator.com/companies/capitol-ai,Capitol AI
https://www.ycombinator.com/companies/kart-ai,Kart AI
https://www.ycombinator.com/companies/void,Void
https://www.ycombinator.com/companies/anglera,Anglera
https://www.ycombinator.com/companies/xtraffic,XTraffic
https://www.ycombinator.com/companies/felafax,Felafax
https://www.ycombinator.com/companies/henry-2,Henry
https://www.ycombinator.com/companies/hey-revia,Hey Revia
https://www.ycombinator.com/companies/ficra,Ficra
https://www.ycombinator.com/companies/rowboat-labs,RowBoat Labs
https://www.ycombinator.com/companies/pipeshift,Pipeshift
https://www.ycombinator.com/companies/vera-health,Vera Health
https://www.ycombinator.com/companies/pharos,Pharos
https://www.ycombinator.com/companies/et-al,et al.
https://www.ycombinator.com/companies/keet,Keet
https://www.ycombinator.com/companies/terra-2,Terra
https://www.ycombinator.com/companies/ai-sell,AI Sell
https://www.ycombinator.com/companies/diode-computers-inc,"Diode Computers, Inc."
https://www.ycombinator.com/companies/surebright,SureBright
https://www.ycombinator.com/companies/usul,Usul
https://www.ycombinator.com/companies/saldor,Saldor
https://www.ycombinator.com/companies/bucket-robotics,Bucket Robotics
https://www.ycombinator.com/companies/oway,Oway
https://www.ycombinator.com/companies/elayne,Elayne
https://www.ycombinator.com/companies/blaze-2,Blaze
https://www.ycombinator.com/companies/pap,pap!
https://www.ycombinator.com/companies/mindely,Mindely
https://www.ycombinator.com/companies/tradeflow,TradeFlow
https://www.ycombinator.com/companies/voker,Voker
https://www.ycombinator.com/companies/rastro,Rastro
https://www.ycombinator.com/companies/quetzal,Quetzal
https://www.ycombinator.com/companies/weavel,Weavel
https://www.ycombinator.com/companies/moreta,Moreta
https://www.ycombinator.com/companies/focus-buddy,Focus Buddy
https://www.ycombinator.com/companies/simplifine,Simplifine
https://www.ycombinator.com/companies/sepal-ai,Sepal AI
https://www.ycombinator.com/companies/assembly-hoa,Assembly HOA
https://www.ycombinator.com/companies/autarc,autarc
https://www.ycombinator.com/companies/omnidock,omnidock
https://www.ycombinator.com/companies/polymet,Polymet
https://www.ycombinator.com/companies/kontigo,Kontigo
https://www.ycombinator.com/companies/remo,Remo
https://www.ycombinator.com/companies/propaya,Propaya
https://www.ycombinator.com/companies/vendra,Vendra
https://www.ycombinator.com/companies/argil,Argil
https://www.ycombinator.com/companies/zeropath,ZeroPath
https://www.ycombinator.com/companies/actionbase,Actionbase
https://www.ycombinator.com/companies/corpdaq,Corpdaq
https://www.ycombinator.com/companies/lumen-orbit,Lumen Orbit
https://www.ycombinator.com/companies/dataleap,Dataleap
https://www.ycombinator.com/companies/zimi,Zimi
https://www.ycombinator.com/companies/thyme,Thyme
https://www.ycombinator.com/companies/ionworks,Ionworks
https://www.ycombinator.com/companies/rescript,Rescript
https://www.ycombinator.com/companies/zigma-by-nextui,Zigma - by NextUI
https://www.ycombinator.com/companies/helium,Helium
https://www.ycombinator.com/companies/ai-2,&AI
https://www.ycombinator.com/companies/haystack-software,Haystack Software
https://www.ycombinator.com/companies/finosu,Finosu
https://www.ycombinator.com/companies/odo,Odo
https://www.ycombinator.com/companies/baseline-ai,Baseline AI
https://www.ycombinator.com/companies/zephr,Zephr
https://www.ycombinator.com/companies/winford-ai,Winford AI
https://www.ycombinator.com/companies/cartage,Cartage
https://www.ycombinator.com/companies/paasa,Paasa
https://www.ycombinator.com/companies/blast,Blast
https://www.ycombinator.com/companies/lilac-labs,Lilac Labs
https://www.ycombinator.com/companies/palmier,Palmier
https://www.ycombinator.com/companies/simple-ai,Simple AI
https://www.ycombinator.com/companies/sensei,Sensei
https://www.ycombinator.com/companies/guardian-rf,Guardian RF
https://www.ycombinator.com/companies/laminar-ai,Laminar AI
https://www.ycombinator.com/companies/cerulion,Cerulion
https://www.ycombinator.com/companies/presti-ai,Presti AI
https://www.ycombinator.com/companies/the-forecasting-company,The Forecasting Company
https://www.ycombinator.com/companies/praxos,Praxos
https://www.ycombinator.com/companies/exa-laboratories,Exa Laboratories
https://www.ycombinator.com/companies/schemeflow,SchemeFlow
https://www.ycombinator.com/companies/brighterway,Brighterway
https://www.ycombinator.com/companies/mineflow,Mineflow
https://www.ycombinator.com/companies/soff,Soff
https://www.ycombinator.com/companies/parley,Parley
https://www.ycombinator.com/companies/intryc,Intryc
https://www.ycombinator.com/companies/pinnacle,Pinnacle
https://www.ycombinator.com/companies/ember-robotics,Ember Robotics
https://www.ycombinator.com/companies/thunder-compute,Thunder Compute
https://www.ycombinator.com/companies/zeit-ai,Zeit AI
https://www.ycombinator.com/companies/remade,Remade
https://www.ycombinator.com/companies/distro,Distro
https://www.ycombinator.com/companies/modern-realty,Modern Realty
https://www.ycombinator.com/companies/david-ai,David AI
https://www.ycombinator.com/companies/beebettor,BeeBettor
https://www.ycombinator.com/companies/guardian-ai,Guardian AI
https://www.ycombinator.com/companies/stempad,Stempad
https://www.ycombinator.com/companies/pax,Pax
https://www.ycombinator.com/companies/conductor-quantum,Conductor Quantum
https://www.ycombinator.com/companies/autumn-labs,Autumn Labs
https://www.ycombinator.com/companies/opslane,Opslane
https://www.ycombinator.com/companies/asterisk,Asterisk
https://www.ycombinator.com/companies/biocartesian,Biocartesian
https://www.ycombinator.com/companies/seals-ai,Seals AI
https://www.ycombinator.com/companies/deepsilicon,deepsilicon
https://www.ycombinator.com/companies/drillbit,Drillbit
https://www.ycombinator.com/companies/lumenary,Lumenary
https://www.ycombinator.com/companies/dimely,Dimely
https://www.ycombinator.com/companies/redouble-ai,Redouble AI
https://www.ycombinator.com/companies/planbase,Planbase
https://www.ycombinator.com/companies/unriddle,Unriddle
https://www.ycombinator.com/companies/hestus-inc,"Hestus, Inc."
https://www.ycombinator.com/companies/magicode,MagiCode
https://www.ycombinator.com/companies/finny-ai,FINNY AI
https://www.ycombinator.com/companies/focal-2,Focal
https://www.ycombinator.com/companies/1849-bio,1849 bio
https://www.ycombinator.com/companies/reactwise,ReactWise
https://www.ycombinator.com/companies/olive-legal,Olive Legal
https://www.ycombinator.com/companies/saturn,Saturn
https://www.ycombinator.com/companies/clearly-ai,Clearly AI
https://www.ycombinator.com/companies/expand-ai,expand.ai
https://www.ycombinator.com/companies/overstand-labs,Overstand Labs
https://www.ycombinator.com/companies/promi,Promi
https://www.ycombinator.com/companies/ontra-mobility,Ontra Mobility
https://www.ycombinator.com/companies/fortress,Fortress
https://www.ycombinator.com/companies/panora,Panora
https://www.ycombinator.com/companies/manaflow,Manaflow
https://www.ycombinator.com/companies/conveo,Conveo
https://www.ycombinator.com/companies/parity,Parity
https://www.ycombinator.com/companies/kastle,Kastle
https://www.ycombinator.com/companies/kopra-bio,Kopra Bio
https://www.ycombinator.com/companies/anthrogen,Anthrogen
https://www.ycombinator.com/companies/benchify,Benchify
https://www.ycombinator.com/companies/fazeshift,Fazeshift
https://www.ycombinator.com/companies/taxgpt,TaxGPT
https://www.ycombinator.com/companies/substrate,Substrate
https://www.ycombinator.com/companies/zenbase-ai,Zenbase AI
https://www.ycombinator.com/companies/taxo,Taxo
https://www.ycombinator.com/companies/mito-health,Mito Health
https://www.ycombinator.com/companies/lighthouz-ai,Lighthouz AI
https://www.ycombinator.com/companies/modus,Modus
https://www.ycombinator.com/companies/dmodel,dmodel
https://www.ycombinator.com/companies/ledgerup,LedgerUp
https://www.ycombinator.com/companies/plume,Plume
https://www.ycombinator.com/companies/pulse-ai,Pulse AI
https://www.ycombinator.com/companies/autopallet-robotics,AutoPallet Robotics
https://www.ycombinator.com/companies/stormy-ai,stormy.ai
https://www.ycombinator.com/companies/merse-2,Merse
https://www.ycombinator.com/companies/aminoanalytica,AminoAnalytica
https://www.ycombinator.com/companies/gauge,Gauge
https://www.ycombinator.com/companies/weave-robotics,Weave Robotics
https://www.ycombinator.com/companies/tandem-2,Tandem
https://www.ycombinator.com/companies/answergrid,AnswerGrid
https://www.ycombinator.com/companies/tivara,Tivara
https://www.ycombinator.com/companies/camfer,camfer
https://www.ycombinator.com/companies/minusx,MinusX
https://www.ycombinator.com/companies/snowpilot,Snowpilot
https://www.ycombinator.com/companies/passage,Passage
https://www.ycombinator.com/companies/parahelp,Parahelp
https://www.ycombinator.com/companies/codeviz,CodeViz
https://www.ycombinator.com/companies/neuralize,Neuralize
https://www.ycombinator.com/companies/ares-industries,Ares Industries
https://www.ycombinator.com/companies/dodo,Dodo
https://www.ycombinator.com/companies/driftly,Driftly
https://www.ycombinator.com/companies/elevate-2,Elevate
https://www.ycombinator.com/companies/offstream,Offstream
https://www.ycombinator.com/companies/storia-ai,Storia AI
https://www.ycombinator.com/companies/deepsim-inc,"DeepSim, Inc."
https://www.ycombinator.com/companies/reworks,reworks
https://www.ycombinator.com/companies/zuni,Zuni
https://www.ycombinator.com/companies/proxis,Proxis
https://www.ycombinator.com/companies/rewbi,Rewbi
https://www.ycombinator.com/companies/willow,Willow
https://www.ycombinator.com/companies/aviary,Aviary
https://www.ycombinator.com/companies/networkocean,NetworkOcean
https://www.ycombinator.com/companies/silurian,Silurian
https://www.ycombinator.com/companies/kura,Kura
https://www.ycombinator.com/companies/unbound-security,Unbound Security
https://www.ycombinator.com/companies/retrofix-ai,RetroFix AI
https://www.ycombinator.com/companies/azalea-robotics-corporation,Azalea Robotics Corporation
https://www.ycombinator.com/companies/decisional-ai,Decisional AI
https://www.ycombinator.com/companies/moonglow,Moonglow
https://www.ycombinator.com/companies/ideate-xyz,ideate.xyz
https://www.ycombinator.com/companies/firstwork,FirstWork
https://www.ycombinator.com/companies/sorcerer,Sorcerer
https://www.ycombinator.com/companies/wordware,Wordware
https://www.ycombinator.com/companies/maitai,Maitai
https://www.ycombinator.com/companies/corgi,Corgi
https://www.ycombinator.com/companies/phonely,Phonely
https://www.ycombinator.com/companies/videogen,VideoGen
https://www.ycombinator.com/companies/clara,Clara
https://www.ycombinator.com/companies/stack-auth,Stack Auth
https://www.ycombinator.com/companies/patchwork-technologies,Patchwork Technologies
https://www.ycombinator.com/companies/tabular,Tabular
https://www.ycombinator.com/companies/callback,Callback
https://www.ycombinator.com/companies/flyflow,Flyflow
https://www.ycombinator.com/companies/bayesline,Bayesline
https://www.ycombinator.com/companies/digitalcarbon,DigitalCarbon
https://www.ycombinator.com/companies/random-labs,Random Labs
https://www.ycombinator.com/companies/unsloth-ai,Unsloth AI
https://www.ycombinator.com/companies/codes-health,Codes Health
https://www.ycombinator.com/companies/entangl,Entangl
https://www.ycombinator.com/companies/claimsorted,ClaimSorted
https://www.ycombinator.com/companies/mdhub,mdhub
https://www.ycombinator.com/companies/hamming-ai,Hamming AI
https://www.ycombinator.com/companies/genie,Genie
https://www.ycombinator.com/companies/prohostai,ProhostAI
https://www.ycombinator.com/companies/educato-ai,Educato AI
https://www.ycombinator.com/companies/spaceium-inc,Spaceium Inc
https://www.ycombinator.com/companies/comfy-deploy,Comfy Deploy
https://www.ycombinator.com/companies/synnax,Synnax
https://www.ycombinator.com/companies/theseus,Theseus
https://www.ycombinator.com/companies/saphira-ai,Saphira AI
https://www.ycombinator.com/companies/glasskube,Glasskube
https://www.ycombinator.com/companies/mem0,Mem0
https://www.ycombinator.com/companies/cheers-2,Cheers
https://www.ycombinator.com/companies/ply-health,Ply Health
https://www.ycombinator.com/companies/superfilter,Superfilter
https://www.ycombinator.com/companies/superunit,Superunit
https://www.ycombinator.com/companies/undermind,Undermind
https://www.ycombinator.com/companies/domu-technology-inc,Domu Technology Inc.
https://www.ycombinator.com/companies/apten,Apten
https://www.ycombinator.com/companies/spherecast,Spherecast
https://www.ycombinator.com/companies/miru-ml,Miru
https://www.ycombinator.com/companies/cardlift,CardLift
https://www.ycombinator.com/companies/abel-police,Abel Police
https://www.ycombinator.com/companies/ultra,Ultra
https://www.ycombinator.com/companies/angstrom-ai,Ångström AI
https://www.ycombinator.com/companies/coval,Coval
https://www.ycombinator.com/companies/evolvere-biosciences,Evolvere BioSciences
https://www.ycombinator.com/companies/spur,Spur
https://www.ycombinator.com/companies/ligo-biosciences,Ligo Biosciences
https://www.ycombinator.com/companies/acx,ACX
https://www.ycombinator.com/companies/cracked,Cracked
https://www.ycombinator.com/companies/fuse-2,Fuse
https://www.ycombinator.com/companies/central,Central
https://www.ycombinator.com/companies/simplex,Simplex
https://www.ycombinator.com/companies/poka-labs,Poka Labs
